{
  "model_path": "models\\xgb_booster_20250814_141549.json",
  "preprocessor_path": "artifacts\\preprocessor_20250814_141549.joblib",
  "created_at": "20250814_141549",
  "n_features": 28,
  "n_train": 55590,
  "n_test": 2612,
  "features": [
    "home_shots",
    "away_shots",
    "home_shots_on_target",
    "away_shots_on_target",
    "home_corners",
    "away_corners",
    "home_is_win_avg_5",
    "home_is_win_form_3",
    "home_goal_diff_avg_5",
    "home_shots_avg_5",
    "home_shots_on_target_avg_5",
    "home_corners_avg_5",
    "home_attack_strength_5",
    "home_defense_strength_5",
    "away_is_win_avg_5",
    "away_is_win_form_3",
    "away_goal_diff_avg_5",
    "away_shots_avg_5",
    "away_shots_on_target_avg_5",
    "away_corners_avg_5",
    "away_attack_strength_5",
    "away_defense_strength_5",
    "home_prob_implied",
    "draw_prob_implied",
    "away_prob_implied",
    "form_diff",
    "strength_diff",
    "total_avg_goals"
  ],
  "params": {
    "n_estimators": 250,
    "max_depth": 5,
    "learning_rate": 0.05536440319040864,
    "subsample": 0.7,
    "colsample_bytree": 0.7999999999999999,
    "gamma": 1.7000000000000002,
    "reg_alpha": 1.844407693336686e-05,
    "reg_lambda": 0.09026877304728866,
    "min_child_weight": 7,
    "objective": "multi:softprob",
    "num_class": 3,
    "random_state": 42,
    "tree_method": "hist",
    "verbosity": 0,
    "n_jobs": -1,
    "use_label_encoder": false
  },
  "metrics": {
    "accuracy": 0.5704441041347627,
    "log_loss": 0.9048161906110934,
    "brier_mean": 0.17935968875347785,
    "classification_report": {
      "H": {
        "precision": 0.5904153354632588,
        "recall": 0.8213333333333334,
        "f1-score": 0.6869888475836431,
        "support": 1125.0
      },
      "D": {
        "precision": 0.43125,
        "recall": 0.09843081312410841,
        "f1-score": 0.1602787456445993,
        "support": 701.0
      },
      "A": {
        "precision": 0.560315670800451,
        "recall": 0.6323155216284987,
        "f1-score": 0.5941422594142259,
        "support": 786.0
      },
      "accuracy": 0.5704441041347627,
      "macro avg": {
        "precision": 0.5273270020879033,
        "recall": 0.5173598893619801,
        "f1-score": 0.4804699508808228,
        "support": 2612.0
      },
      "weighted avg": {
        "precision": 0.5386415082868762,
        "recall": 0.5704441041347627,
        "f1-score": 0.5176928292986387,
        "support": 2612.0
      }
    }
  },
  "feature_importance": {
    "home_shots": 4.609638214111328,
    "away_shots": 4.837385177612305,
    "home_shots_on_target": 22.3928165435791,
    "away_shots_on_target": 22.52264976501465,
    "home_corners": 8.264012336730957,
    "away_corners": 7.857900142669678,
    "home_is_win_avg_5": 3.5679450035095215,
    "home_is_win_form_3": 3.4469501972198486,
    "home_goal_diff_avg_5": 4.526573657989502,
    "home_shots_avg_5": 3.555063486099243,
    "home_shots_on_target_avg_5": 3.6865880489349365,
    "home_corners_avg_5": 3.638000011444092,
    "home_attack_strength_5": 3.570068120956421,
    "home_defense_strength_5": 3.985487937927246,
    "away_is_win_avg_5": 3.4814202785491943,
    "away_is_win_form_3": 3.5427842140197754,
    "away_goal_diff_avg_5": 4.056206226348877,
    "away_shots_avg_5": 3.6078855991363525,
    "away_shots_on_target_avg_5": 3.8361330032348633,
    "away_corners_avg_5": 3.6846165657043457,
    "away_attack_strength_5": 3.347342014312744,
    "away_defense_strength_5": 3.7678301334381104,
    "home_prob_implied": 12.765844345092773,
    "draw_prob_implied": 5.395662784576416,
    "away_prob_implied": 9.732389450073242,
    "form_diff": 3.800697088241577,
    "strength_diff": 3.588364839553833,
    "total_avg_goals": 3.4390106201171875
  },
  "model_type": "xgb_booster",
  "artifact_url": "https://wentdltvnrzzeowsmuxp.supabase.co/storage/v1/object/public/models/xgb_booster_20250814_141549.json?",
  "preprocessor_url": "https://wentdltvnrzzeowsmuxp.supabase.co/storage/v1/object/public/models/preprocessor_20250814_141549.joblib?"
}