{
  "model_path": "models\\xgb_booster_20250813_133426.json",
  "preprocessor_path": "artifacts\\preprocessor_20250813_133426.joblib",
  "created_at": "20250813_133426",
  "n_features": 28,
  "n_train": 55590,
  "n_test": 2612,
  "features": [
    "home_shots",
    "away_shots",
    "home_shots_on_target",
    "away_shots_on_target",
    "home_corners",
    "away_corners",
    "home_is_win_avg_5",
    "home_is_win_form_3",
    "home_goal_diff_avg_5",
    "home_shots_avg_5",
    "home_shots_on_target_avg_5",
    "home_corners_avg_5",
    "home_attack_strength_5",
    "home_defense_strength_5",
    "away_is_win_avg_5",
    "away_is_win_form_3",
    "away_goal_diff_avg_5",
    "away_shots_avg_5",
    "away_shots_on_target_avg_5",
    "away_corners_avg_5",
    "away_attack_strength_5",
    "away_defense_strength_5",
    "home_prob_implied",
    "draw_prob_implied",
    "away_prob_implied",
    "form_diff",
    "strength_diff",
    "total_avg_goals"
  ],
  "params": {
    "n_estimators": 350,
    "max_depth": 4,
    "learning_rate": 0.06419244220904977,
    "subsample": 0.8999999999999999,
    "colsample_bytree": 0.7999999999999999,
    "gamma": 2.0,
    "reg_alpha": 0.36695351033804136,
    "reg_lambda": 1.4161156178347107e-05,
    "min_child_weight": 6,
    "objective": "multi:softprob",
    "num_class": 3,
    "random_state": 42,
    "tree_method": "hist",
    "verbosity": 0,
    "n_jobs": -1,
    "use_label_encoder": false
  },
  "metrics": {
    "accuracy": 0.5719754977029097,
    "log_loss": 0.903137167100609,
    "brier_mean": 0.1790585259338242,
    "classification_report": {
      "H": {
        "precision": 0.5910543130990416,
        "recall": 0.8222222222222222,
        "f1-score": 0.6877323420074349,
        "support": 1125.0
      },
      "D": {
        "precision": 0.44155844155844154,
        "recall": 0.09700427960057062,
        "f1-score": 0.15906432748538013,
        "support": 701.0
      },
      "A": {
        "precision": 0.561030235162374,
        "recall": 0.6374045801526718,
        "f1-score": 0.5967837998808815,
        "support": 786.0
      },
      "accuracy": 0.5719754977029097,
      "macro avg": {
        "precision": 0.5312143299399524,
        "recall": 0.5188770273251548,
        "f1-score": 0.4811934897912322,
        "support": 2612.0
      },
      "weighted avg": {
        "precision": 0.5418982904312846,
        "recall": 0.5719754977029097,
        "f1-score": 0.5184820233659987,
        "support": 2612.0
      }
    }
  },
  "feature_importance": {
    "home_shots": 5.496389389038086,
    "away_shots": 5.7001543045043945,
    "home_shots_on_target": 32.54609298706055,
    "away_shots_on_target": 31.61948585510254,
    "home_corners": 11.39043140411377,
    "away_corners": 11.267745018005371,
    "home_is_win_avg_5": 3.473367214202881,
    "home_is_win_form_3": 3.91109037399292,
    "home_goal_diff_avg_5": 5.686735153198242,
    "home_shots_avg_5": 3.656564235687256,
    "home_shots_on_target_avg_5": 4.036036491394043,
    "home_corners_avg_5": 4.007806777954102,
    "home_attack_strength_5": 3.891585350036621,
    "home_defense_strength_5": 4.431985855102539,
    "away_is_win_avg_5": 3.2503185272216797,
    "away_is_win_form_3": 3.6843531131744385,
    "away_goal_diff_avg_5": 4.307496070861816,
    "away_shots_avg_5": 3.8006327152252197,
    "away_shots_on_target_avg_5": 4.277707576751709,
    "away_corners_avg_5": 3.9214446544647217,
    "away_attack_strength_5": 3.5749688148498535,
    "away_defense_strength_5": 4.350904941558838,
    "home_prob_implied": 19.47585105895996,
    "draw_prob_implied": 6.761507034301758,
    "away_prob_implied": 18.215017318725586,
    "form_diff": 4.419548988342285,
    "strength_diff": 3.6597375869750977,
    "total_avg_goals": 3.428697347640991
  },
  "model_type": "xgb_booster"
}