{
  "model_path": "models\\xgb_booster_20250814_124607.json",
  "preprocessor_path": "artifacts\\preprocessor_20250814_124607.joblib",
  "created_at": "20250814_124607",
  "n_features": 28,
  "n_train": 55590,
  "n_test": 2612,
  "features": [
    "home_shots",
    "away_shots",
    "home_shots_on_target",
    "away_shots_on_target",
    "home_corners",
    "away_corners",
    "home_is_win_avg_5",
    "home_is_win_form_3",
    "home_goal_diff_avg_5",
    "home_shots_avg_5",
    "home_shots_on_target_avg_5",
    "home_corners_avg_5",
    "home_attack_strength_5",
    "home_defense_strength_5",
    "away_is_win_avg_5",
    "away_is_win_form_3",
    "away_goal_diff_avg_5",
    "away_shots_avg_5",
    "away_shots_on_target_avg_5",
    "away_corners_avg_5",
    "away_attack_strength_5",
    "away_defense_strength_5",
    "home_prob_implied",
    "draw_prob_implied",
    "away_prob_implied",
    "form_diff",
    "strength_diff",
    "total_avg_goals"
  ],
  "params": {
    "n_estimators": 400,
    "max_depth": 4,
    "learning_rate": 0.055428362998658796,
    "subsample": 0.85,
    "colsample_bytree": 0.7,
    "gamma": 1.7000000000000002,
    "reg_alpha": 0.9086505874970878,
    "reg_lambda": 0.4584956803591226,
    "min_child_weight": 4,
    "objective": "multi:softprob",
    "num_class": 3,
    "random_state": 42,
    "tree_method": "hist",
    "verbosity": 0,
    "n_jobs": -1,
    "use_label_encoder": false
  },
  "metrics": {
    "accuracy": 0.571592649310873,
    "log_loss": 0.902707496600814,
    "brier_mean": 0.178970148000678,
    "classification_report": {
      "H": {
        "precision": 0.5907360406091371,
        "recall": 0.8275555555555556,
        "f1-score": 0.689374305812662,
        "support": 1125.0
      },
      "D": {
        "precision": 0.4258064516129032,
        "recall": 0.09415121255349501,
        "f1-score": 0.1542056074766355,
        "support": 701.0
      },
      "A": {
        "precision": 0.5629965947786606,
        "recall": 0.6310432569974554,
        "f1-score": 0.5950809838032394,
        "support": 786.0
      },
      "accuracy": 0.571592649310873,
      "macro avg": {
        "precision": 0.5265130290002337,
        "recall": 0.5175833417021687,
        "f1-score": 0.4795536323641789,
        "support": 2612.0
      },
      "weighted avg": {
        "precision": 0.5381254562641469,
        "recall": 0.571592649310873,
        "f1-score": 0.5173728476836571,
        "support": 2612.0
      }
    }
  },
  "feature_importance": {
    "home_shots": 5.118998050689697,
    "away_shots": 5.866533279418945,
    "home_shots_on_target": 28.443952560424805,
    "away_shots_on_target": 29.299001693725586,
    "home_corners": 10.102726936340332,
    "away_corners": 10.109624862670898,
    "home_is_win_avg_5": 3.052931547164917,
    "home_is_win_form_3": 3.3049724102020264,
    "home_goal_diff_avg_5": 4.835296154022217,
    "home_shots_avg_5": 3.258862018585205,
    "home_shots_on_target_avg_5": 3.644606590270996,
    "home_corners_avg_5": 3.545807123184204,
    "home_attack_strength_5": 3.4983596801757812,
    "home_defense_strength_5": 3.993161916732788,
    "away_is_win_avg_5": 3.088512420654297,
    "away_is_win_form_3": 3.5494275093078613,
    "away_goal_diff_avg_5": 3.8807373046875,
    "away_shots_avg_5": 3.3484046459198,
    "away_shots_on_target_avg_5": 3.863626718521118,
    "away_corners_avg_5": 3.552511692047119,
    "away_attack_strength_5": 3.068652391433716,
    "away_defense_strength_5": 3.799233913421631,
    "home_prob_implied": 17.98629379272461,
    "draw_prob_implied": 6.0986456871032715,
    "away_prob_implied": 15.127816200256348,
    "form_diff": 3.7887043952941895,
    "strength_diff": 3.2746078968048096,
    "total_avg_goals": 2.9914779663085938
  },
  "model_type": "xgb_booster",
  "db_model_id": 1
}